{
    "parent": "item/generated",
    "textures": {
        "layer0": "item/paper"
    },
    "overrides": [
      {"predicate": {"custom_model_data":100001}, "model": "custom/winter_special/snowflake"},
      {"predicate": {"custom_model_data":100002}, "model": "custom/winter_special/gift0"},
      {"predicate": {"custom_model_data":100003}, "model": "custom/winter_special/gift1"},
      {"predicate": {"custom_model_data":100004}, "model": "custom/winter_special/gift2"},
      {"predicate": {"custom_model_data":200001}, "model": "custom/patreon_waypoints/arrakis"}
    ]
}