{
	"overrides": [
		{"predicate": {"custom_model_data":100130},"texture": "optifine/cit/armor/emblazoned_diamond_minimal_1"},
		{"predicate": {"custom_model_data":100121},"texture": "optifine/cit/armor/sdk_diamond_1_minimal"},
		{"predicate": {"custom_model_data":100120},"texture": "optifine/cit/armor/burnished_diamond_minimal_1"},
		{"predicate": {"custom_model_data":100110},"texture": "optifine/cit/armor/imbued_diamond_minimal_1"},
		{"predicate": {"custom_model_data":100100},"texture": "optifine/cit/armor/diamond_minimal_1"},
		{"predicate": {"custom_model_data":100030},"texture": "optifine/cit/armor/emblazoned_diamond_1"},
		{"predicate": {"custom_model_data":100021},"texture": "optifine/cit/armor/sdk_diamond_1"},
		{"predicate": {"custom_model_data":100020},"texture": "optifine/cit/armor/burnished_diamond_1"},
		{"predicate": {"custom_model_data":100010},"texture": "optifine/cit/armor/imbued_diamond_1"}
	]
}