{
	"overrides": [
		{"predicate": {"custom_model_data":100130},"texture": "optifine/cit/armor/emblazoned_netherite_minimal_1"},
		{"predicate": {"custom_model_data":100121},"texture": "optifine/cit/armor/sdk_netherite_1_minimal"},
		{"predicate": {"custom_model_data":100120},"texture": "optifine/cit/armor/burnished_netherite_minimal_1"},
		{"predicate": {"custom_model_data":100110},"texture": "optifine/cit/armor/imbued_netherite_minimal_1"},
		{"predicate": {"custom_model_data":100100},"texture": "optifine/cit/armor/netherite_minimal_1"},
		{"predicate": {"custom_model_data":100030},"texture": "optifine/cit/armor/emblazoned_netherite_1"},
		{"predicate": {"custom_model_data":100021},"texture": "optifine/cit/armor/sdk_netherite_1"},
		{"predicate": {"custom_model_data":100020},"texture": "optifine/cit/armor/burnished_netherite_1"},
		{"predicate": {"custom_model_data":100010},"texture": "optifine/cit/armor/imbued_netherite_1"}
	]
}