{
    "textures": {
        "particle": "#texture"
    },
    "elements": [
        {   "from": [ 0, 0, 13 ],
            "to": [ 16, 16, 14 ],
            "faces": {
                "north": { "uv": [ 0,  0, 16, 16 ], "texture": "#texture"},
                "down": { "uv": [ 16, 15, 0, 16 ], "texture": "#texture"},
                "up": { "uv": [ 16, 0, 0, 1 ], "texture": "#texture"},
                "west": { "uv": [ 15, 0, 16, 16 ], "texture": "#texture"},
                "east": { "uv": [ 0, 0, 1, 16 ], "texture": "#texture"}
            }
        },
        {   "from": [ 0, 0, 14 ],
            "to": [ 16, 16, 16 ],
            "faces": {
                "south": { "uv": [ 16,  0, 0, 16 ], "texture": "#texture" },
                "down": { "uv": [ 16, 16, 0, 14 ], "texture": "#texture"},
                "up": { "uv": [ 16, 2, 0, 0 ], "texture": "#texture"},
                "west": { "uv": [ 14, 0, 16, 16 ], "texture": "#texture"},
                "east": { "uv": [ 0, 0, 2, 16 ], "texture": "#texture"}
            }
        }
    ]
}
