{
	"credit": "Made with Blockbench",
	"parent": "block/block",
	"textures": {
		"1": "#all",
		"particle": "#all"
	},
	"elements": [
		{
			"from": [6, 3, 9],
			"to": [8, 4, 9],
			"rotation": {"angle": -45, "axis": "y", "origin": [7, 3, 9]},
			"faces": {
				"north": {"uv": [2, 1, 0, 2], "texture": "#1"},
				"south": {"uv": [2, 1, 0, 2], "texture": "#1"}
			}
		},
		{
			"from": [9, 6, 5],
			"to": [9, 7, 7],
			"rotation": {"angle": -45, "axis": "y", "origin": [9, 6, 6]},
			"faces": {
				"east": {"uv": [2, 1, 0, 2], "texture": "#1"},
				"west": {"uv": [2, 1, 0, 2], "texture": "#1"}
			}
		},
		{
			"from": [8, 6, 6],
			"to": [10, 7, 6],
			"rotation": {"angle": -45, "axis": "y", "origin": [9, 6, 6]},
			"faces": {
				"north": {"uv": [2, 1, 0, 2], "texture": "#1"},
				"south": {"uv": [2, 1, 0, 2], "texture": "#1"}
			}
		},
		{
			"from": [7, 3, 8],
			"to": [7, 4, 10],
			"rotation": {"angle": -45, "axis": "y", "origin": [7, 3, 9]},
			"faces": {
				"east": {"uv": [2, 1, 0, 2], "texture": "#1"},
				"west": {"uv": [2, 1, 0, 2], "texture": "#1"}
			}
		},
		{
			"from": [8.5, 0, 7.5],
			"to": [11.5, 5, 10.5],
			"rotation": {"angle": 0, "axis": "y", "origin": [7, 8, 8]},
			"faces": {
				"north": {"uv": [13, 1, 16, 6], "texture": "#1"},
				"east": {"uv": [13, 1, 16, 6], "texture": "#1"},
				"south": {"uv": [13, 1, 16, 6], "texture": "#1"},
				"west": {"uv": [13, 1, 16, 6], "texture": "#1"},
				"up": {"uv": [6, 0, 9, 3], "texture": "#1"},
				"down": {"uv": [8.5, 5.5, 11.5, 8.5], "texture": "#all", "cullface": "down"}
			}
		},
		{
			"from": [9.5, 5, 9],
			"to": [10.5, 6, 9],
			"rotation": {"angle": 45, "axis": "y", "origin": [10, 5, 9]},
			"faces": {
				"north": {"uv": [2, 1, 1, 2], "texture": "#1"},
				"south": {"uv": [2, 1, 1, 2], "texture": "#1"}
			}
		},
		{
			"from": [9.5, 5, 9],
			"to": [10.5, 6, 9],
			"rotation": {"angle": -45, "axis": "y", "origin": [10, 5, 9]},
			"faces": {
				"north": {"uv": [2, 1, 1, 2], "texture": "#1"},
				"south": {"uv": [2, 1, 1, 2], "texture": "#1"}
			}
		},
		{
			"from": [4.5, 0, 4.5],
			"to": [7.5, 5, 7.5],
			"faces": {
				"north": {"uv": [13, 1, 16, 6], "texture": "#1"},
				"east": {"uv": [13, 1, 16, 6], "texture": "#1"},
				"south": {"uv": [13, 1, 16, 6], "texture": "#1"},
				"west": {"uv": [13, 1, 16, 6], "texture": "#1"},
				"up": {"uv": [6, 0, 9, 3], "texture": "#1"},
				"down": {"uv": [4.5, 8.5, 7.5, 11.5], "texture": "#all", "cullface": "down"}
			}
		},
		{
			"from": [5.5, 5, 6],
			"to": [6.5, 6, 6],
			"rotation": {"angle": 45, "axis": "y", "origin": [6, 5, 6]},
			"faces": {
				"north": {"uv": [1, 0, 0, 1], "texture": "#1"},
				"south": {"uv": [1, 0, 0, 1], "texture": "#1"}
			}
		},
		{
			"from": [5.5, 5, 6],
			"to": [6.5, 6, 6],
			"rotation": {"angle": -45, "axis": "y", "origin": [6, 5, 6]},
			"faces": {
				"north": {"uv": [1, 0, 0, 1], "texture": "#1"},
				"south": {"uv": [1, 0, 0, 1], "texture": "#1"}
			}
		},
		{
			"from": [5, 0, 7],
			"to": [9, 3, 11],
			"rotation": {"angle": 0, "axis": "y", "origin": [13, 8, 18]},
			"faces": {
				"north": {"uv": [12, 13, 16, 16], "texture": "#all"},
				"east": {"uv": [12, 13, 16, 16], "texture": "#all"},
				"south": {"uv": [12, 13, 16, 16], "texture": "#all"},
				"west": {"uv": [12, 13, 16, 16], "texture": "#all"},
				"up": {"uv": [2, 0, 6, 4], "texture": "#all"},
				"down": {"uv": [5, 5, 9, 9], "texture": "#all"}
			}
		},
		{
			"from": [7, 0, 4],
			"to": [11, 6, 8],
			"rotation": {"angle": 0, "axis": "y", "origin": [15, 8, 15]},
			"faces": {
				"north": {"uv": [0, 10, 4, 16], "texture": "#all"},
				"east": {"uv": [0, 10, 4, 16], "texture": "#all"},
				"south": {"uv": [0, 10, 4, 16], "texture": "#all"},
				"west": {"uv": [0, 10, 4, 16], "texture": "#all"},
				"up": {"uv": [2, 0, 6, 4], "texture": "#all"},
				"down": {"uv": [7, 8, 11, 12], "texture": "#all"}
			}
		}
	]
}