{
  "parent": "minecraft:item/handheld",
  "textures": {
    "layer0": "minecraft:item/diamond_sword"
  },
  "overrides": [
    {"predicate": {"custom_model_data":100001}, "model": "custom/basic_weapons/diamond_chain"},
    {"predicate": {"custom_model_data":100010}, "model": "custom/special_gear/imbued_diamond_sword"},
    {"predicate": {"custom_model_data":100011}, "model": "custom/special_gear/imbued_diamond_chain"},
    {"predicate": {"custom_model_data":100020}, "model": "custom/special_gear/burnished_diamond_sword"},
    {"predicate": {"custom_model_data":100021}, "model": "custom/special_gear/burnished_diamond_chain"},
    {"predicate": {"custom_model_data":100022}, "model": "custom/special_gear/sdk_blade"},
    {"predicate": {"custom_model_data":100030}, "model": "custom/special_gear/emblazoned_diamond_sword"},
    {"predicate": {"custom_model_data":100031}, "model": "custom/special_gear/emblazoned_diamond_chain"},
    {"predicate": {"custom_model_data":100032}, "model": "custom/special_gear/blade_of_the_consuming_shadow"},
    {"predicate": {"custom_model_data":200001}, "model": "custom/patreon_skins/diamond_energy_sword"},
    {"predicate": {"custom_model_data":200002}, "model": "custom/patreon_skins/diamond_dark_matter_sword"}
  ]
}