{
  "parent": "minecraft:item/handheld",
  "textures": {
    "layer0": "minecraft:item/diamond_hoe"
  },
  "overrides": [
    {"predicate": {"custom_model_data":100001}, "model": "custom/basic_weapons/diamond_dagger"},
    {"predicate": {"custom_model_data":100010}, "model": "custom/special_gear/imbued_diamond_hoe"},
    {"predicate": {"custom_model_data":100011}, "model": "custom/special_gear/imbued_diamond_dagger"},
    {"predicate": {"custom_model_data":100020}, "model": "custom/special_gear/burnished_diamond_hoe"},
    {"predicate": {"custom_model_data":100021}, "model": "custom/special_gear/burnished_diamond_dagger"},
    {"predicate": {"custom_model_data":100030}, "model": "custom/special_gear/emblazoned_diamond_hoe"},
    {"predicate": {"custom_model_data":100031}, "model": "custom/special_gear/emblazoned_diamond_dagger"},
    {"predicate": {"custom_model_data":200001}, "model": "custom/patreon_skins/diamond_sickle"}
  ]
}