{
    "parent": "item/handheld_rod",
    "textures": {
        "layer0": "item/fishing_rod"
    },
    "overrides": [
        { "predicate": {"cast": 1}, "model": "item/fishing_rod_cast" },
		{ "predicate": {"custom_model_data":100010}, "model":"custom/special_gear/imbued_fishing_rod"},
		{ "predicate": {"custom_model_data":100010, "cast": 1}, "model":"custom/special_gear/imbued_fishing_rod_cast"},
		{ "predicate": {"custom_model_data":100020}, "model":"custom/special_gear/burnished_fishing_rod"},
		{ "predicate": {"custom_model_data":100020, "cast": 1}, "model":"custom/special_gear/burnished_fishing_rod_cast"},
		{ "predicate": {"custom_model_data":100030}, "model":"custom/special_gear/emblazoned_fishing_rod"},
		{ "predicate": {"custom_model_data":100030, "cast": 1}, "model":"custom/special_gear/emblazoned_fishing_rod_cast"}
    ]
}
