{
    "ambientocclusion": false,
    "textures": {
        "particle": "#bottom"
    },
	"elements": [
		{
			"from": [0, 0, 0],
			"to": [2, 16, 16],
			"faces": {
				"north": {"uv": [2, 0, 0, 16], "texture": "#bottom"},
				"south": {"uv": [16, 0, 14, 16], "texture": "#bottom"},
				"west": {"uv": [0, 0, 16, 16], "texture": "#bottom"},
				"down": {"uv": [16, 14, 0, 16], "rotation": 90, "texture": "#bottom"}
			}
		},
		{
			"from": [2, 0, 0],
			"to": [3, 16, 16],
			"faces": {
				"north": {"uv": [1, 0, 0, 16], "texture": "#bottom"},
				"east": {"uv": [16, 0, 0, 16], "texture": "#bottom"},
				"south": {"uv": [15, 0, 16, 16], "texture": "#bottom"},
				"down": {"uv": [16, 15, 0, 16], "rotation": 90, "texture": "#bottom"}
			}
		}
	]
}
