{"providers":[{"ascent":13,"chars":[""],"file":"custom/ui/backgrounds/blackstone-base-6.png","height":256,"type":"bitmap"}
    ,{"ascent":13,"chars":[""],"file":"custom/ui/backgrounds/blackstone-grid-1-6.png","height":256,"type":"bitmap"}
    ,{"ascent":13,"chars":[""],"file":"custom/ui/backgrounds/blackstone-base-5.png","height":256,"type":"bitmap"}
    ,{"ascent":13,"chars":[""],"file":"custom/ui/backgrounds/blackstone-grid-3-5.png","height":256,"type":"bitmap"}
    ,{"ascent":-23,"chars":[""],"file":"custom/ui/backgrounds/sunbeams.png","height":52,"type":"bitmap"}
    ,{"ascent":-23,"chars":[""],"file":"custom/ui/backgrounds/darkmatter.png","height":52,"type":"bitmap"}
    ,{"ascent":13,"chars":[""],"file":"custom/ui/backgrounds/itempotential-title.png","height":256,"type":"bitmap"}
    ,{"ascent":13,"chars":[""],"file":"custom/ui/backgrounds/green-base-6.png","height":256,"type":"bitmap"}
    ,{"ascent":13,"chars":[""],"file":"custom/ui/backgrounds/green-grid-2-5.png","height":256,"type":"bitmap"}
    ,{"ascent":13,"chars":[""],"file":"custom/ui/backgrounds/minigolfrentals-title.png","height":256,"type":"bitmap"}
    ,{"ascent":-59,"chars":[""],"file":"custom/ui/backgrounds/sunbeams.png","height":52,"type":"bitmap"}
    ,{"ascent":13,"chars":[""],"file":"custom/ui/backgrounds/picture-base-6.png","height":256,"type":"bitmap"}
    ,{"ascent":13,"chars":[""],"file":"custom/ui/backgrounds/activequests-title.png","height":256,"type":"bitmap"}
    ,{"ascent":13,"chars":[""],"file":"custom/ui/backgrounds/availablequests-title.png","height":256,"type":"bitmap"}
    ,{"ascent":13,"chars":[""],"file":"custom/ui/backgrounds/arcaneforging-title.png","height":256,"type":"bitmap"}
    ,{"ascent":13,"chars":[""],"file":"custom/ui/backgrounds/artificing-title.png","height":256,"type":"bitmap"}
    ,{"ascent":13,"chars":[""],"file":"custom/ui/backgrounds/investments-title.png","height":256,"type":"bitmap"}
    ,{"ascent":13,"chars":[""],"file":"custom/ui/backgrounds/waypoints-title.png","height":256,"type":"bitmap"}
    ,{"ascent":13,"chars":[""],"file":"custom/ui/backgrounds/picture-bg-0.png","height":256,"type":"bitmap"}
    ,{"ascent":13,"chars":[""],"file":"custom/ui/backgrounds/picture-bg-1.png","height":256,"type":"bitmap"}
    ,{"ascent":13,"chars":[""],"file":"custom/ui/backgrounds/picture-bg-2.png","height":256,"type":"bitmap"}
    ,{"ascent":13,"chars":[""],"file":"custom/ui/backgrounds/picture-bg-3.png","height":256,"type":"bitmap"}
    ,{"ascent":13,"chars":[""],"file":"custom/ui/backgrounds/picture-bg-4.png","height":256,"type":"bitmap"}
    ,{"ascent":13,"chars":[""],"file":"custom/ui/backgrounds/picture-bg-5.png","height":256,"type":"bitmap"}
    ,{"ascent":13,"chars":[""],"file":"custom/ui/backgrounds/picture-bg-6.png","height":256,"type":"bitmap"}
    ,{"ascent":13,"chars":[""],"file":"custom/ui/backgrounds/picture-bg-7.png","height":256,"type":"bitmap"}
    ,{"ascent":13,"chars":[""],"file":"custom/ui/backgrounds/picture-bg-8.png","height":256,"type":"bitmap"}
    ,{"ascent":13,"chars":[""],"file":"custom/ui/backgrounds/picture-bg-9.png","height":256,"type":"bitmap"}
    ,{"ascent":-32768,"chars":[""],"file":"custom/ui/pixel_split.png","height":-3,"type":"bitmap"}
    ,{"ascent":-32768,"chars":[""],"file":"custom/ui/pixel_split.png","height":-4,"type":"bitmap"}
    ,{"ascent":-32768,"chars":[""],"file":"custom/ui/pixel_split.png","height":-5,"type":"bitmap"}
    ,{"ascent":-32768,"chars":[""],"file":"custom/ui/pixel_split.png","height":-6,"type":"bitmap"}
    ,{"ascent":-32768,"chars":[""],"file":"custom/ui/pixel_split.png","height":-7,"type":"bitmap"}
    ,{"ascent":-32768,"chars":[""],"file":"custom/ui/pixel_split.png","height":-8,"type":"bitmap"}
    ,{"ascent":-32768,"chars":[""],"file":"custom/ui/pixel_split.png","height":-9,"type":"bitmap"}
    ,{"ascent":-32768,"chars":[""],"file":"custom/ui/pixel_split.png","height":-10,"type":"bitmap"}
    ,{"ascent":-32768,"chars":[""],"file":"custom/ui/pixel_split.png","height":-18,"type":"bitmap"}
    ,{"ascent":-32768,"chars":[""],"file":"custom/ui/pixel_split.png","height":-34,"type":"bitmap"}
    ,{"ascent":-32768,"chars":[""],"file":"custom/ui/pixel_split.png","height":-66,"type":"bitmap"}
    ,{"ascent":-32768,"chars":[""],"file":"custom/ui/pixel_split.png","height":-130,"type":"bitmap"}
    ,{"ascent":-32768,"chars":[""],"file":"custom/ui/pixel_split.png","height":-258,"type":"bitmap"}
    ,{"ascent":-32768,"chars":[""],"file":"custom/ui/pixel_split.png","height":-514,"type":"bitmap"}
    ,{"ascent":-32768,"chars":[""],"file":"custom/ui/pixel_split.png","height":-1026,"type":"bitmap"}
    ,{"ascent":-32770,"chars":[""],"file":"custom/ui/pixel_split.png","height":-32770,"type":"bitmap"}
    ,{"ascent":-32768,"chars":[""],"file":"custom/ui/pixel_split.png","height":0,"type":"bitmap"}
    ,{"ascent":-32768,"chars":[""],"file":"custom/ui/pixel_split.png","height":1,"type":"bitmap"}
    ,{"ascent":-32768,"chars":[""],"file":"custom/ui/pixel_split.png","height":2,"type":"bitmap"}
    ,{"ascent":-32768,"chars":[""],"file":"custom/ui/pixel_split.png","height":3,"type":"bitmap"}
    ,{"ascent":-32768,"chars":[""],"file":"custom/ui/pixel_split.png","height":4,"type":"bitmap"}
    ,{"ascent":-32768,"chars":[""],"file":"custom/ui/pixel_split.png","height":5,"type":"bitmap"}
    ,{"ascent":-32768,"chars":[""],"file":"custom/ui/pixel_split.png","height":6,"type":"bitmap"}
    ,{"ascent":-32768,"chars":[""],"file":"custom/ui/pixel_split.png","height":7,"type":"bitmap"}
    ,{"ascent":-32768,"chars":[""],"file":"custom/ui/pixel_split.png","height":15,"type":"bitmap"}
    ,{"ascent":-32768,"chars":[""],"file":"custom/ui/pixel_split.png","height":31,"type":"bitmap"}
    ,{"ascent":-32768,"chars":[""],"file":"custom/ui/pixel_split.png","height":63,"type":"bitmap"}
    ,{"ascent":-32768,"chars":[""],"file":"custom/ui/pixel_split.png","height":127,"type":"bitmap"}
    ,{"ascent":-32768,"chars":[""],"file":"custom/ui/pixel_split.png","height":255,"type":"bitmap"}
    ,{"ascent":-32768,"chars":[""],"file":"custom/ui/pixel_split.png","height":511,"type":"bitmap"}
    ,{"ascent":-32768,"chars":[""],"file":"custom/ui/pixel_split.png","height":1023,"type":"bitmap"}
    ,{"ascent":-32768,"chars":[""],"file":"custom/ui/pixel_split.png","height":32767,"type":"bitmap"}
    ,{"ascent":-32768,"chars":[""],"file":"custom/ui/pixel_nosplit.png","height":-3,"type":"bitmap"}
    ,{"ascent":-32768,"chars":[""],"file":"custom/ui/pixel_nosplit.png","height":-4,"type":"bitmap"}
    ,{"ascent":-32768,"chars":[""],"file":"custom/ui/pixel_nosplit.png","height":-5,"type":"bitmap"}
    ,{"ascent":-32768,"chars":[""],"file":"custom/ui/pixel_nosplit.png","height":-6,"type":"bitmap"}
    ,{"ascent":-32768,"chars":[""],"file":"custom/ui/pixel_nosplit.png","height":-7,"type":"bitmap"}
    ,{"ascent":-32768,"chars":[""],"file":"custom/ui/pixel_nosplit.png","height":-8,"type":"bitmap"}
    ,{"ascent":-32768,"chars":[""],"file":"custom/ui/pixel_nosplit.png","height":-9,"type":"bitmap"}
    ,{"ascent":-32768,"chars":[""],"file":"custom/ui/pixel_nosplit.png","height":-10,"type":"bitmap"}
    ,{"ascent":-32768,"chars":[""],"file":"custom/ui/pixel_nosplit.png","height":-18,"type":"bitmap"}
    ,{"ascent":-32768,"chars":[""],"file":"custom/ui/pixel_nosplit.png","height":-34,"type":"bitmap"}
    ,{"ascent":-32768,"chars":[""],"file":"custom/ui/pixel_nosplit.png","height":-66,"type":"bitmap"}
    ,{"ascent":-32768,"chars":[""],"file":"custom/ui/pixel_nosplit.png","height":-130,"type":"bitmap"}
    ,{"ascent":-32768,"chars":[""],"file":"custom/ui/pixel_nosplit.png","height":-258,"type":"bitmap"}
    ,{"ascent":-32768,"chars":[""],"file":"custom/ui/pixel_nosplit.png","height":-514,"type":"bitmap"}
    ,{"ascent":-32768,"chars":[""],"file":"custom/ui/pixel_nosplit.png","height":-1026,"type":"bitmap"}
    ,{"ascent":-32770,"chars":[""],"file":"custom/ui/pixel_nosplit.png","height":-32770,"type":"bitmap"}
    ,{"ascent":-32768,"chars":[""],"file":"custom/ui/pixel_nosplit.png","height":0,"type":"bitmap"}
    ,{"ascent":-32768,"chars":[""],"file":"custom/ui/pixel_nosplit.png","height":1,"type":"bitmap"}
    ,{"ascent":-32768,"chars":[""],"file":"custom/ui/pixel_nosplit.png","height":2,"type":"bitmap"}
    ,{"ascent":-32768,"chars":[""],"file":"custom/ui/pixel_nosplit.png","height":3,"type":"bitmap"}
    ,{"ascent":-32768,"chars":[""],"file":"custom/ui/pixel_nosplit.png","height":4,"type":"bitmap"}
    ,{"ascent":-32768,"chars":[""],"file":"custom/ui/pixel_nosplit.png","height":5,"type":"bitmap"}
    ,{"ascent":-32768,"chars":[""],"file":"custom/ui/pixel_nosplit.png","height":6,"type":"bitmap"}
    ,{"ascent":-32768,"chars":[""],"file":"custom/ui/pixel_nosplit.png","height":7,"type":"bitmap"}
    ,{"ascent":-32768,"chars":[""],"file":"custom/ui/pixel_nosplit.png","height":15,"type":"bitmap"}
    ,{"ascent":-32768,"chars":[""],"file":"custom/ui/pixel_nosplit.png","height":31,"type":"bitmap"}
    ,{"ascent":-32768,"chars":[""],"file":"custom/ui/pixel_nosplit.png","height":63,"type":"bitmap"}
    ,{"ascent":-32768,"chars":[""],"file":"custom/ui/pixel_nosplit.png","height":127,"type":"bitmap"}
    ,{"ascent":-32768,"chars":[""],"file":"custom/ui/pixel_nosplit.png","height":255,"type":"bitmap"}
    ,{"ascent":-32768,"chars":[""],"file":"custom/ui/pixel_nosplit.png","height":511,"type":"bitmap"}
    ,{"ascent":-32768,"chars":[""],"file":"custom/ui/pixel_nosplit.png","height":1023,"type":"bitmap"}
    ,{"ascent":-32768,"chars":[""],"file":"custom/ui/pixel_nosplit.png","height":32767,"type":"bitmap"}
    ,{"ascent":8,"chars":[""],"file":"custom/ui/emotes/thankful.png","height":8,"type":"bitmap"}
    ,{"ascent":8,"chars":[""],"file":"custom/ui/emotes/savagepinhead.png","height":8,"type":"bitmap"}
    ,{"ascent":8,"chars":[""],"file":"custom/ui/emotes/pride.png","height":8,"type":"bitmap"}
    ,{"ascent":8,"chars":[""],"file":"custom/ui/emotes/kappa.png","height":8,"type":"bitmap"}
    ,{"ascent":8,"chars":[""],"file":"custom/ui/emotes/darkmatter.png","height":8,"type":"bitmap"}
    ,{"ascent":8,"chars":[""],"file":"item/diamond_sword.png","height":8,"type":"bitmap"}
    ,{"ascent":8,"chars":[""],"file":"custom/ui/emotes/gtav.png","height":8,"type":"bitmap"}

    ]}