{
"textures": {
    "particle": "custom/patreon_skins/chargentarge/facecrit",
    "wood": "custom/patreon_skins/chargentarge/facecrit",
    "woodface": "custom/patreon_skins/chargentarge/facepaintcrit",
    "metal": "custom/patreon_skins/chargentarge/edgecrit"
},
"elements": [ 
    {
        "name": "Cube",
        "from": [4, 1, 4],
        "to": [6, 12, 6],
        "faces": {
            "north": {"uv": [3, 4.5, 5, 15.5], "texture": "#metal"},
            "east": {"uv": [1.5, 4.5, 3.5, 15.5], "texture": "#metal"},
            "south": {"uv": [1.5, 4.5, 3.5, 15.5], "texture": "#metal"},
            "west": {"uv": [12.5, 4.5, 14.5, 15.5], "texture": "#metal"},
            "up": {"uv": [1.5, 9, 3.5, 11], "texture": "#metal", "rotation": 270},
            "down": {"uv": [1.5, 8, 3.5, 10], "texture": "#metal", "rotation": 90}
        }
    },
    {
        "name": "Cube",
        "from": [4, 12, 6],
        "to": [6, 14, 17],
        "faces": {
            "north": {"uv": [1.5, 4, 3.5, 6], "texture": "#metal", "rotation": 270},
            "east": {"uv": [1.5, 3.5, 3.5, 14.5], "texture": "#metal", "rotation": 270},
            "south": {"uv": [11.5, 1.5, 13.5, 3.5], "texture": "#metal", "rotation": 180},
            "west": {"uv": [1.5, 3.5, 3.5, 14.5], "texture": "#metal", "rotation": 270},
            "up": {"uv": [6.5, 4, 8.5, 15], "texture": "#metal"},
            "down": {"uv": [1.5, 5, 3.5, 16], "texture": "#metal"}
        }
    },
    {
        "name": "Cube",
        "from": [4, 1, 17],
        "to": [6, 12, 19],
        "faces": {
            "north": {"uv": [12.5, 3.5, 14.5, 14.5], "texture": "#metal"},
            "east": {"uv": [12.5, 4, 14.5, 15], "texture": "#metal"},
            "south": {"uv": [7, 5, 9, 16], "texture": "#metal"},
            "west": {"uv": [1.5, 3.5, 3.5, 14.5], "texture": "#metal"},
            "up": {"uv": [7.5, 1.5, 9.5, 3.5], "texture": "#metal"},
            "down": {"uv": [1.5, 9, 3.5, 11], "texture": "#metal", "rotation": 270}
        }
    },
    {
        "name": "Cube",
        "from": [4, -1, 6],
        "to": [6, 1, 17],
        "faces": {
            "north": {"uv": [1.5, 5, 3.5, 7], "texture": "#metal", "rotation": 90},
            "east": {"uv": [1.5, 4, 3.5, 15], "texture": "#metal", "rotation": 90},
            "south": {"uv": [1.5, 4, 3.5, 6], "texture": "#metal", "rotation": 90},
            "west": {"uv": [1.5, 4.5, 3.5, 15.5], "texture": "#metal", "rotation": 90},
            "up": {"uv": [1.5, 4, 3.5, 15], "texture": "#metal"},
            "down": {"uv": [7, 4.5, 9, 15.5], "texture": "#metal"}
        }
    },
    {
        "name": "Cube",
        "from": [6, 8, 10],
        "to": [10, 9, 12],
        "faces": {
            "north": {"uv": [5, 8.5, 9, 9.5], "texture": "#metal"},
            "east": {"uv": [6, 7.5, 8, 8.5], "texture": "#metal"},
            "south": {"uv": [7, 7.5, 11, 8.5], "texture": "#metal"},
            "west": {"uv": [6, 7, 8, 8], "texture": "#metal"},
            "up": {"uv": [6, 8, 10, 10], "texture": "#metal"},
            "down": {"uv": [7, 8, 11, 10], "texture": "#metal"}
        }
    },
    {
        "name": "Cube",
        "from": [5, 1, 6],
        "to": [6, 12, 17],
        "faces": {
            "north": {"uv": [0, 0, 1, 11], "texture": "#wood"},
            "east": {"uv": [0, 0, 11, 11], "texture": "#wood"},
            "south": {"uv": [0, 0, 1, 11], "texture": "#wood"},
            "west": {"uv": [0, 0, 11, 11], "texture": "#woodface"},
            "up": {"uv": [4.5, 10, 15.5, 11], "texture": "#wood", "rotation": 90},
            "down": {"uv": [4.5, 10, 15.5, 11], "texture": "#wood", "rotation": 90}
        }
    },
    {
        "name": "Cube",
        "from": [10, 3, 10],
        "to": [11, 9, 12],
        "faces": {
            "north": {"uv": [7, 7.5, 8, 13.5], "texture": "#metal"},
            "east": {"uv": [6.5, 7.5, 8.5, 13.5], "texture": "#metal"},
            "south": {"uv": [7.5, 8, 8.5, 14], "texture": "#metal"},
            "west": {"uv": [7, 8, 9, 14], "texture": "#metal"},
            "up": {"uv": [8, 6.5, 9, 8.5], "texture": "#metal"},
            "down": {"uv": [7.5, 7.5, 8.5, 9.5], "texture": "#metal"}
        }
    },
    {
        "name": "Cube",
        "from": [6, 3, 10],
        "to": [10, 4, 12],
        "faces": {
            "north": {"uv": [5, 8.5, 9, 9.5], "texture": "#metal"},
            "east": {"uv": [6, 7.5, 8, 8.5], "texture": "#metal"},
            "south": {"uv": [7, 7.5, 11, 8.5], "texture": "#metal"},
            "west": {"uv": [6, 7, 8, 8], "texture": "#metal"},
            "up": {"uv": [6, 8, 10, 10], "texture": "#metal"},
            "down": {"uv": [7, 8, 11, 10], "texture": "#metal"}
        }
    },
    {
        "name": "Cube",
        "from": [4, 5, 10],
        "to": [5, 8, 13],
        "faces": {
            "north": {"uv": [7, 7, 8, 10], "texture": "#metal"},
            "east": {"uv": [6.5, 7.5, 9.5, 10.5], "texture": "#metal"},
            "south": {"uv": [7, 8, 8, 11], "texture": "#metal"},
            "west": {"uv": [6.5, 7, 9.5, 10], "texture": "#metal"},
            "up": {"uv": [7, 8, 8, 11], "texture": "#metal"},
            "down": {"uv": [7.5, 7, 8.5, 10], "texture": "#metal"}
        }
    },
    {
        "name": "Cube",
        "from": [2, 6, 11],
        "to": [4, 7, 12],
        "faces": {
            "north": {"uv": [7, 8, 9, 9], "texture": "#metal"},
            "east": {"uv": [7.5, 8, 8.5, 9], "texture": "#metal"},
            "south": {"uv": [6.5, 8.5, 8.5, 9.5], "texture": "#metal"},
            "west": {"uv": [0, 0, 1, 1], "texture": "#metal"},
            "up": {"uv": [6.5, 8.5, 8.5, 9.5], "texture": "#metal"},
            "down": {"uv": [6.5, 8.5, 8.5, 9.5], "texture": "#metal"}
        }
    }
],
"display": {
    "thirdperson_righthand": {
        "rotation": [ 0, -180, 0 ],
        "translation": [ 0, 0, 5 ],
        "scale": [ 1, 1, 1 ]
    },
    "thirdperson_lefthand": {
        "rotation": [ 0, 0, 0 ],
        "translation": [ 0, 0, -1 ],
        "scale": [ 1, 1, 1 ]
    },
    "head": {
        "rotation": [ 0, 0, 0 ],
        "translation": [ 0, 0, 0 ],
        "scale": [ 1, 1, 1 ]
    },
    "ground": {
        "rotation": [ 0, 0, 0 ],
        "translation": [ 0, 2, 0 ],
        "scale": [ 0.5, 0.5, 0.5 ]
    },
    "fixed": {
        "rotation": [ 0, 0, 0 ],
        "translation": [ 0, 0, -0.38 ],
        "scale": [ 2, 2, 2 ]
    },
    "firstperson_righthand": {
        "rotation": [ 0, 240, 0 ],
        "translation": [ 0, 0, 0 ],
        "scale": [ 1.25, 1.25, 1.25 ]
    },
    "firstperson_lefthand": {
        "rotation": [ 0, 60, 0 ],
        "translation": [ 0, -3, -10 ],
        "scale": [ 1.25, 1.25, 1.25 ]
    },
    "gui": {
        "rotation": [ 0, 90, 0 ],
        "translation": [ -3.5, 1.5, 0 ],
        "scale": [ 1, 1, 1 ]
     }
    }
}