{
  "parent": "minecraft:item/generated",
  "textures": {
    "layer0": "minecraft:item/diamond_boots"
  },
  "overrides": [
    {"predicate": {"custom_model_data":101000}, "model": "custom/special_gear/chime/imbued_diamond_boots"},
    {"predicate": {"custom_model_data":102000}, "model": "custom/special_gear/chime/burnished_diamond_boots"},
    {"predicate": {"custom_model_data":103000}, "model": "custom/special_gear/chime/emblazoned_diamond_boots"},
    {"predicate": {"custom_model_data":110000}, "model": "custom/minimal_armor/diamond_boots_minimal"},
    {"predicate": {"custom_model_data":111000}, "model": "custom/minimal_armor/imbued_diamond_boots_minimal"},
    {"predicate": {"custom_model_data":112000}, "model": "custom/minimal_armor/burnished_diamond_boots_minimal"},
    {"predicate": {"custom_model_data":113000}, "model": "custom/minimal_armor/emblazoned_diamond_boots_minimal"}
  ]
}