{
	"credit": "Made with Blockbench",
	"ambientocclusion": false,
	"textures": {
		"bars": "block/iron_bars_alt"
	},
	"elements": [
		{
			"from": [7, 0, 7],
			"to": [9, 16, 9],
			"faces": {
				"north": {"uv": [6, 0, 8, 16], "texture": "#bars"},
				"east": {"uv": [4, 0, 6, 16], "texture": "#bars"},
				"south": {"uv": [2, 0, 4, 16], "texture": "#bars"},
				"west": {"uv": [0, 0, 2, 16], "texture": "#bars"},
				"up": {"uv": [4, 1, 6, 3], "rotation": 270, "texture": "#bars"},
				"down": {"uv": [4, 6, 6, 8], "rotation": 90, "texture": "#bars"}
			}
		}
	]
}