{
  "parent": "minecraft:item/generated",
  "textures": {
    "layer0": "minecraft:item/leather_chestplate",
    "layer0": "minecraft:item/leather_chestplate_overlay"
  },
  "overrides": [
    {"predicate": {"custom_model_data":101001}, "model": "custom/special_gear/chime/smoldering_leather_chestplate"},
    {"predicate": {"custom_model_data":110000}, "model": "custom/minimal_armor/leather_chestplate_minimal"},
    {"predicate": {"custom_model_data":111001}, "model": "custom/minimal_armor/smoldering_leather_chestplate_minimal"}
  ]
}