{
  "parent": "minecraft:item/generated",
  "textures": {
    "layer0": "minecraft:item/leather_helmet",
    "layer0": "minecraft:item/leather_helmet_overlay"
  },
  "overrides": [
    {"predicate": {"custom_model_data":101001}, "model": "custom/special_gear/chime/smoldering_leather_helmet"},
    {"predicate": {"custom_model_data":110000}, "model": "custom/minimal_armor/leather_helmet_minimal"},
    {"predicate": {"custom_model_data":111001}, "model": "custom/minimal_armor/smoldering_leather_helmet_minimal"}
  ]
}