{
  "parent": "minecraft:item/generated",
  "textures": {
    "layer0": "minecraft:item/netherite_leggings"
  },
  "overrides": [
    {"predicate": {"custom_model_data":101000}, "model": "custom/special_gear/chime/imbued_netherite_leggings"},
    {"predicate": {"custom_model_data":102000}, "model": "custom/special_gear/chime/burnished_netherite_leggings"},
    {"predicate": {"custom_model_data":103000}, "model": "custom/special_gear/chime/emblazoned_netherite_leggings"},
    {"predicate": {"custom_model_data":110000}, "model": "custom/minimal_armor/netherite_leggings_minimal"},
    {"predicate": {"custom_model_data":111000}, "model": "custom/minimal_armor/imbued_netherite_leggings_minimal"},
    {"predicate": {"custom_model_data":112000}, "model": "custom/minimal_armor/burnished_netherite_leggings_minimal"},
    {"predicate": {"custom_model_data":113000}, "model": "custom/minimal_armor/emblazoned_netherite_leggings_minimal"}
  ]
}