{
	"overrides": [
		{"predicate": {"custom_model_data":113000},"texture": "optifine/cit/armor/emblazoned_diamond_minimal_2"},
		{"predicate": {"custom_model_data":112000},"texture": "optifine/cit/armor/burnished_diamond_minimal_2"},
		{"predicate": {"custom_model_data":111000},"texture": "optifine/cit/armor/imbued_diamond_minimal_2"},
		{"predicate": {"custom_model_data":110000},"texture": "optifine/cit/armor/diamond_minimal_2"},
		{"predicate": {"custom_model_data":103000},"texture": "optifine/cit/armor/emblazoned_diamond_2"},
		{"predicate": {"custom_model_data":102000},"texture": "optifine/cit/armor/burnished_diamond_2"},
		{"predicate": {"custom_model_data":101000},"texture": "optifine/cit/armor/imbued_diamond_2"}
	]
}