{
	"credit": "Made with Blockbench",
	"parent": "block/block",
	"textures": {
		"1": "#all",
		"particle": "#all"
	},
	"elements": [
		{
			"from": [6, 0, 6],
			"to": [10, 6, 10],
			"faces": {
				"north": {"uv": [0, 10, 4, 16], "texture": "#1"},
				"east": {"uv": [0, 10, 4, 16], "texture": "#1"},
				"south": {"uv": [0, 10, 4, 16], "texture": "#1"},
				"west": {"uv": [0, 10, 4, 16], "texture": "#1"},
				"up": {"uv": [2, 0, 6, 4], "texture": "#1"},
				"down": {"uv": [5, 5, 9, 9], "texture": "#1", "cullface": "down"}
			}
		},
		{
			"from": [7, 6, 8],
			"to": [9, 7, 8],
			"rotation": {"angle": 45, "axis": "y", "origin": [8, 6, 8]},
			"faces": {
				"north": {"uv": [0, 0, 1, 1], "texture": "#1"},
				"south": {"uv": [0, 0, 1, 1], "texture": "#1"}
			}
		},
		{
			"from": [8, 6, 7],
			"to": [8, 7, 9],
			"rotation": {"angle": 45, "axis": "y", "origin": [8, 6, 8]},
			"faces": {
				"east": {"uv": [0, 0, 1, 1], "texture": "#1"},
				"west": {"uv": [0, 0, 1, 1], "texture": "#1"}
			}
		}
	]
}