{
	"credit": "Made with Blockbench",
	"parent": "block/block",
	"textures": {
		"1": "#all",
		"particle": "#all"
	},
	"elements": [
		{
			"from": [4.5, 0, 6.5],
			"to": [7.5, 5, 9.5],
			"rotation": {"angle": 0, "axis": "y", "origin": [8, 8, 9]},
			"faces": {
				"north": {"uv": [13, 0, 16, 5], "texture": "#1"},
				"east": {"uv": [13, 0, 16, 5], "texture": "#1"},
				"south": {"uv": [13, 0, 16, 5], "texture": "#1"},
				"west": {"uv": [13, 0, 16, 5], "texture": "#1"},
				"up": {"uv": [6, 0, 9, 3], "texture": "#1"},
				"down": {"uv": [4.5, 8.5, 7.5, 11.5], "texture": "#1", "cullface": "down"}
			}
		},
		{
			"from": [5.5, 5, 8],
			"to": [6.5, 6, 8],
			"rotation": {"angle": 45, "axis": "y", "origin": [6, 5, 8]},
			"faces": {
				"north": {"uv": [0, 0, 1, 1], "texture": "#1"},
				"south": {"uv": [0, 0, 1, 1], "texture": "#1"}
			}
		},
		{
			"from": [5.5, 5, 8],
			"to": [6.5, 6, 8],
			"rotation": {"angle": -45, "axis": "y", "origin": [6, 5, 8]},
			"faces": {
				"north": {"uv": [0, 0, 1, 1], "texture": "#1"},
				"south": {"uv": [0, 0, 1, 1], "texture": "#1"}
			}
		},
		{
			"from": [8, 0, 5],
			"to": [12, 6, 9],
			"faces": {
				"north": {"uv": [0, 10, 4, 16], "texture": "#1"},
				"east": {"uv": [0, 10, 4, 16], "texture": "#1"},
				"south": {"uv": [0, 10, 4, 16], "texture": "#1"},
				"west": {"uv": [0, 10, 4, 16], "texture": "#1"},
				"up": {"uv": [2, 0, 6, 4], "texture": "#1"},
				"down": {"uv": [5, 5, 9, 9], "texture": "#1", "cullface": "down"}
			}
		},
		{
			"from": [9, 6, 7],
			"to": [11, 7, 7],
			"rotation": {"angle": 45, "axis": "y", "origin": [10, 6, 7]},
			"faces": {
				"north": {"uv": [0, 0, 1, 1], "texture": "#1"},
				"south": {"uv": [0, 0, 1, 1], "texture": "#1"}
			}
		},
		{
			"from": [9, 6, 7],
			"to": [11, 7, 7],
			"rotation": {"angle": -45, "axis": "y", "origin": [10, 6, 7]},
			"faces": {
				"north": {"uv": [0, 0, 1, 1], "texture": "#1"},
				"south": {"uv": [0, 0, 1, 1], "texture": "#1"}
			}
		}
	]
}