{
	"overrides": [
		{"predicate": {"custom_model_data":113000},"texture": "optifine/cit/armor/emblazoned_diamond_minimal_1"},
		{"predicate": {"custom_model_data":112001},"texture": "optifine/cit/armor/sdk_diamond_1_minimal"},
		{"predicate": {"custom_model_data":112000},"texture": "optifine/cit/armor/burnished_diamond_minimal_1"},
		{"predicate": {"custom_model_data":111000},"texture": "optifine/cit/armor/imbued_diamond_minimal_1"},
		{"predicate": {"custom_model_data":110000},"texture": "optifine/cit/armor/diamond_minimal_1"},
		{"predicate": {"custom_model_data":103000},"texture": "optifine/cit/armor/emblazoned_diamond_1"},
		{"predicate": {"custom_model_data":102001},"texture": "optifine/cit/armor/sdk_diamond_1"},
		{"predicate": {"custom_model_data":102000},"texture": "optifine/cit/armor/burnished_diamond_1"},
		{"predicate": {"custom_model_data":101000},"texture": "optifine/cit/armor/imbued_diamond_1"}
	]
}