{
  "parent": "minecraft:item/generated",
  "textures": {
    "layer0": "minecraft:item/diamond_chestplate"
  },
  "overrides": [
    {"predicate": {"custom_model_data":101000}, "model": "custom/special_gear/imbued_diamond_chestplate"},
    {"predicate": {"custom_model_data":102000}, "model": "custom/special_gear/burnished_diamond_chestplate"},
    {"predicate": {"custom_model_data":103000}, "model": "custom/special_gear/emblazoned_diamond_chestplate"},
    {"predicate": {"custom_model_data":110000}, "model": "item/diamond_chestplate"},
    {"predicate": {"custom_model_data":111000}, "model": "custom/special_gear/imbued_diamond_chestplate"},
    {"predicate": {"custom_model_data":112000}, "model": "custom/special_gear/burnished_diamond_chestplate"},
    {"predicate": {"custom_model_data":113000}, "model": "custom/special_gear/emblazoned_diamond_chestplate"}
  ]
}