{
  "parent": "minecraft:item/handheld",
  "textures": {
    "layer0": "minecraft:item/diamond_pickaxe"
  },
  "overrides": [
    {"predicate": {"custom_model_data":100001}, "model": "custom/basic_weapons/diamond_hammer"},
    {"predicate": {"custom_model_data":101000}, "model": "custom/special_gear/imbued_diamond_pickaxe"},
    {"predicate": {"custom_model_data":101001}, "model": "custom/special_gear/imbued_diamond_hammer"},
    {"predicate": {"custom_model_data":102000}, "model": "custom/special_gear/burnished_diamond_pickaxe"},
    {"predicate": {"custom_model_data":102001}, "model": "custom/special_gear/burnished_diamond_hammer"},
    {"predicate": {"custom_model_data":103000}, "model": "custom/special_gear/emblazoned_diamond_pickaxe"},
    {"predicate": {"custom_model_data":103001}, "model": "custom/special_gear/emblazoned_diamond_hammer"}
  ]
}