{
  "parent": "minecraft:item/handheld",
  "textures": {
    "layer0": "minecraft:item/netherite_hoe"
  },
  "overrides": [
    {"predicate": {"custom_model_data":100001}, "model": "custom/basic_weapons/netherite_dagger"},
    {"predicate": {"custom_model_data":101000}, "model": "custom/special_gear/imbued_netherite_hoe"},
    {"predicate": {"custom_model_data":101001}, "model": "custom/special_gear/imbued_netherite_dagger"},
    {"predicate": {"custom_model_data":102000}, "model": "custom/special_gear/burnished_netherite_hoe"},
    {"predicate": {"custom_model_data":102001}, "model": "custom/special_gear/burnished_netherite_dagger"},
    {"predicate": {"custom_model_data":103000}, "model": "custom/special_gear/emblazoned_netherite_hoe"},
    {"predicate": {"custom_model_data":103001}, "model": "custom/special_gear/emblazoned_netherite_dagger"},
    {"predicate": {"custom_model_data":200001}, "model": "custom/patreon_skins/netherite_sickle"}
  ]
}