{
  "parent": "minecraft:item/handheld",
  "textures": {
    "layer0": "minecraft:item/netherite_sword"
  },
  "overrides": [
    {"predicate": {"custom_model_data":100001}, "model": "custom/basic_weapons/netherite_chain"},
    {"predicate": {"custom_model_data":101000}, "model": "custom/special_gear/imbued_netherite_sword"},
    {"predicate": {"custom_model_data":101001}, "model": "custom/special_gear/imbued_netherite_chain"},
    {"predicate": {"custom_model_data":102000}, "model": "custom/special_gear/burnished_netherite_sword"},
    {"predicate": {"custom_model_data":102001}, "model": "custom/special_gear/burnished_netherite_chain"},
    {"predicate": {"custom_model_data":102002}, "model": "custom/special_gear/netherite_sdk_blade"},
    {"predicate": {"custom_model_data":103000}, "model": "custom/special_gear/emblazoned_netherite_sword"},
    {"predicate": {"custom_model_data":103001}, "model": "custom/special_gear/emblazoned_netherite_chain"},
    {"predicate": {"custom_model_data":103002}, "model": "custom/special_gear/netherite_blade_of_the_consuming_shadow"},
    {"predicate": {"custom_model_data":200001}, "model": "custom/patreon_skins/netherite_energy_sword"},
    {"predicate": {"custom_model_data":200002}, "model": "custom/patreon_skins/netherite_dark_matter_sword"}
  ]
}