{
    "gui_light": "front",
	"textures": {
		"wood": "custom/patreon_skins/chargentarge/facecrit",
		"particle": "custom/patreon_skins/chargentarge/facecrit",
		"woodface": "custom/patreon_skins/chargentarge/facepaintcrit",
		"metal": "custom/patreon_skins/chargentarge/edgecrit"
	},
	"elements": [
		{
			"name": "Cube",
			"from": [-7.5, -5.5, 0],
			"to": [-5.5, 5.5, 2],
			"faces": {
				"north": {"uv": [1.5, 4.5, 3.5, 15.5], "texture": "#metal"},
				"east": {"uv": [1.5, 4.5, 3.5, 15.5], "texture": "#metal"},
				"south": {"uv": [12.5, 4.5, 14.5, 15.5], "texture": "#metal"},
				"west": {"uv": [3, 4.5, 5, 15.5], "texture": "#metal"},
				"up": {"uv": [1.5, 9, 3.5, 11], "rotation": 180, "texture": "#metal"},
				"down": {"uv": [1.5, 8, 3.5, 10], "rotation": 180, "texture": "#metal"}
			}
		},
		{
			"name": "Cube",
			"from": [-5.5, 5.5, 0],
			"to": [5.5, 7.5, 2],
			"faces": {
				"north": {"uv": [1.5, 3.5, 3.5, 14.5], "rotation": 270, "texture": "#metal"},
				"east": {"uv": [11.5, 1.5, 13.5, 3.5], "rotation": 180, "texture": "#metal"},
				"south": {"uv": [1.5, 3.5, 3.5, 14.5], "rotation": 270, "texture": "#metal"},
				"west": {"uv": [1.5, 4, 3.5, 6], "rotation": 270, "texture": "#metal"},
				"up": {"uv": [6.5, 4, 8.5, 15], "rotation": 270, "texture": "#metal"},
				"down": {"uv": [1.5, 5, 3.5, 16], "rotation": 90, "texture": "#metal"}
			}
		},
		{
			"name": "Cube",
			"from": [5.5, -5.5, 0],
			"to": [7.5, 5.5, 2],
			"faces": {
				"north": {"uv": [12.5, 4, 14.5, 15], "texture": "#metal"},
				"east": {"uv": [7, 5, 9, 16], "texture": "#metal"},
				"south": {"uv": [1.5, 3.5, 3.5, 14.5], "texture": "#metal"},
				"west": {"uv": [12.5, 3.5, 14.5, 14.5], "texture": "#metal"},
				"up": {"uv": [7.5, 1.5, 9.5, 3.5], "rotation": 270, "texture": "#metal"},
				"down": {"uv": [1.5, 9, 3.5, 11], "texture": "#metal"}
			}
		},
		{
			"name": "Cube",
			"from": [-5.5, -7.5, 0],
			"to": [5.5, -5.5, 2],
			"faces": {
				"north": {"uv": [1.5, 4, 3.5, 15], "rotation": 90, "texture": "#metal"},
				"east": {"uv": [1.5, 4, 3.5, 6], "rotation": 90, "texture": "#metal"},
				"south": {"uv": [1.5, 4.5, 3.5, 15.5], "rotation": 90, "texture": "#metal"},
				"west": {"uv": [1.5, 5, 3.5, 7], "rotation": 90, "texture": "#metal"},
				"up": {"uv": [1.5, 4, 3.5, 15], "rotation": 270, "texture": "#metal"},
				"down": {"uv": [7, 4.5, 9, 15.5], "rotation": 90, "texture": "#metal"}
			}
		},
		{
			"name": "Cube",
			"from": [-1, 2, -4],
			"to": [1, 3, 0],
			"faces": {
				"north": {"uv": [6, 7.5, 8, 8.5], "texture": "#metal"},
				"east": {"uv": [7, 7.5, 11, 8.5], "texture": "#metal"},
				"south": {"uv": [6, 7, 8, 8], "texture": "#metal"},
				"west": {"uv": [5, 8.5, 9, 9.5], "texture": "#metal"},
				"up": {"uv": [6, 8, 10, 10], "rotation": 270, "texture": "#metal"},
				"down": {"uv": [7, 8, 11, 10], "rotation": 90, "texture": "#metal"}
			}
		},
		{
			"name": "Cube",
			"from": [-5.5, -5.5, 0],
			"to": [5.5, 5.5, 1],
			"faces": {
				"north": {"uv": [0, 0, 11, 11], "texture": "#wood"},
				"east": {"uv": [0, 0, 1, 11], "texture": "#wood"},
				"south": {"uv": [0, 0, 11, 11], "texture": "#woodface"},
				"west": {"uv": [0, 0, 1, 11], "texture": "#wood"},
				"up": {"uv": [4.5, 10, 15.5, 11], "texture": "#wood"},
				"down": {"uv": [4.5, 10, 15.5, 11], "rotation": 180, "texture": "#wood"}
			}
		},
		{
			"name": "Cube",
			"from": [-1, -3, -5],
			"to": [1, 3, -4],
			"faces": {
				"north": {"uv": [6.5, 7.5, 8.5, 13.5], "texture": "#metal"},
				"east": {"uv": [7.5, 8, 8.5, 14], "texture": "#metal"},
				"south": {"uv": [7, 8, 9, 14], "texture": "#metal"},
				"west": {"uv": [7, 7.5, 8, 13.5], "texture": "#metal"},
				"up": {"uv": [8, 6.5, 9, 8.5], "rotation": 270, "texture": "#metal"},
				"down": {"uv": [7.5, 7.5, 8.5, 9.5], "rotation": 90, "texture": "#metal"}
			}
		},
		{
			"name": "Cube",
			"from": [-1, -3, -4],
			"to": [1, -2, 0],
			"faces": {
				"north": {"uv": [6, 7.5, 8, 8.5], "texture": "#metal"},
				"east": {"uv": [7, 7.5, 11, 8.5], "texture": "#metal"},
				"south": {"uv": [6, 7, 8, 8], "texture": "#metal"},
				"west": {"uv": [5, 8.5, 9, 9.5], "texture": "#metal"},
				"up": {"uv": [6, 8, 10, 10], "rotation": 270, "texture": "#metal"},
				"down": {"uv": [7, 8, 11, 10], "rotation": 90, "texture": "#metal"}
			}
		},
		{
			"name": "Cube",
			"from": [-1.5, -1.5, 1],
			"to": [1.5, 1.5, 2],
			"faces": {
				"north": {"uv": [6.5, 7.5, 9.5, 10.5], "texture": "#metal"},
				"east": {"uv": [7, 8, 8, 11], "texture": "#metal"},
				"south": {"uv": [6.5, 7, 9.5, 10], "texture": "#metal"},
				"west": {"uv": [7, 7, 8, 10], "texture": "#metal"},
				"up": {"uv": [7, 8, 8, 11], "rotation": 270, "texture": "#metal"},
				"down": {"uv": [7.5, 7, 8.5, 10], "rotation": 90, "texture": "#metal"}
			}
		},
		{
			"name": "Cube",
			"from": [-0.5, -0.5, 2],
			"to": [0.5, 0.5, 4],
			"faces": {
				"north": {"uv": [7.5, 8, 8.5, 9], "texture": "#metal"},
				"east": {"uv": [6.5, 8.5, 8.5, 9.5], "texture": "#metal"},
				"south": {"uv": [0, 0, 1, 1], "texture": "#metal"},
				"west": {"uv": [7, 8, 9, 9], "texture": "#metal"},
				"up": {"uv": [6.5, 8.5, 8.5, 9.5], "rotation": 270, "texture": "#metal"},
				"down": {"uv": [6.5, 8.5, 8.5, 9.5], "rotation": 90, "texture": "#metal"}
			}
		}
	],
    "display": {
        "thirdperson_righthand": {
            "rotation": [ 45, 135, 0 ],
            "translation": [ 3.51, 11, -2 ],
            "scale": [ 1, 1, 1 ]
        },
        "thirdperson_lefthand": {
            "rotation": [ 45, 135, 0 ],
            "translation": [ 13.51, 3, 5 ],
            "scale": [ 1, 1, 1 ]
        },
        "firstperson_righthand": {
            "rotation": [ 0, 180, -5 ],
            "translation": [ -15, 9, -11 ],
            "scale": [ 1.25, 1.25, 1.25 ]
        },
        "firstperson_lefthand": {
            "rotation": [ 0, 180, -5 ],
            "translation": [ 5, 11, -11 ],
            "scale": [ 1.25, 1.25, 1.25 ]
        },
		"gui": {
			"rotation": [15, -25, -5],
			"translation": [4, 3.5, 0],
			"scale": [0.85, 0.85, 0.85]
		}
    }
}
