{
	"credit": "Made with Blockbench",
	"parent": "block/block",
	"textures": {
		"1": "#all",
		"particle": "#all"
	},
	"elements": [
		{
			"from": [6, 0, 8],
			"to": [10, 3, 12],
			"rotation": {"angle": 0, "axis": "y", "origin": [7, 8, 7]},
			"faces": {
				"north": {"uv": [12, 13, 16, 16], "texture": "#1"},
				"east": {"uv": [12, 13, 16, 16], "texture": "#1"},
				"south": {"uv": [12, 13, 16, 16], "texture": "#1"},
				"west": {"uv": [12, 13, 16, 16], "texture": "#1"},
				"up": {"uv": [2, 0, 6, 4], "texture": "#1"},
				"down": {"uv": [5, 5, 9, 9], "texture": "#1", "cullface": "down"}
			}
		},
		{
			"from": [4.5, 0, 6.5],
			"to": [7.5, 5, 9.5],
			"rotation": {"angle": 0, "axis": "y", "origin": [7, 8, 7]},
			"faces": {
				"north": {"uv": [13, 0, 16, 5], "texture": "#1"},
				"east": {"uv": [13, 0, 16, 5], "texture": "#1"},
				"south": {"uv": [13, 0, 16, 5], "texture": "#1"},
				"west": {"uv": [13, 0, 16, 5], "texture": "#1"},
				"up": {"uv": [6, 0, 9, 3], "texture": "#1"},
				"down": {"uv": [3.5, 7.5, 6.5, 10.5], "texture": "#1", "cullface": "down"}
			}
		},
		{
			"from": [5.5, 5, 8],
			"to": [6.5, 6, 8],
			"rotation": {"angle": 45, "axis": "y", "origin": [6, 5, 8]},
			"faces": {
				"north": {"uv": [0, 0, 1, 1], "texture": "#1"},
				"south": {"uv": [0, 0, 1, 1], "texture": "#1"}
			}
		},
		{
			"from": [5.5, 5, 8],
			"to": [6.5, 6, 8],
			"rotation": {"angle": -45, "axis": "y", "origin": [6, 5, 8]},
			"faces": {
				"north": {"uv": [0, 0, 1, 1], "texture": "#1"},
				"south": {"uv": [0, 0, 1, 1], "texture": "#1"}
			}
		},
		{
			"from": [7, 0, 5],
			"to": [11, 6, 9],
			"faces": {
				"north": {"uv": [0, 10, 4, 16], "texture": "#1"},
				"east": {"uv": [0, 10, 4, 16], "texture": "#1"},
				"south": {"uv": [12, 13, 16, 16], "texture": "#1"},
				"west": {"uv": [0, 10, 4, 16], "texture": "#1"},
				"up": {"uv": [2, 0, 6, 4], "texture": "#1"},
				"down": {"uv": [6, 8, 10, 12], "texture": "#1", "cullface": "down"}
			}
		},
		{
			"from": [8, 6, 7],
			"to": [10, 7, 7],
			"rotation": {"angle": 45, "axis": "y", "origin": [9, 6, 7]},
			"faces": {
				"north": {"uv": [0, 0, 1, 1], "texture": "#1"},
				"south": {"uv": [0, 0, 1, 1], "texture": "#1"}
			}
		},
		{
			"from": [7, 3, 10],
			"to": [9, 4, 10],
			"rotation": {"angle": -45, "axis": "y", "origin": [8, 3, 10]},
			"faces": {
				"north": {"uv": [0, 0, 1, 1], "texture": "#1"},
				"south": {"uv": [0, 0, 1, 1], "texture": "#1"}
			}
		},
		{
			"from": [7, 3, 10],
			"to": [9, 4, 10],
			"rotation": {"angle": 45, "axis": "y", "origin": [8, 3, 10]},
			"faces": {
				"north": {"uv": [0, 0, 1, 1], "texture": "#1"},
				"south": {"uv": [0, 0, 1, 1], "texture": "#1"}
			}
		},
		{
			"from": [8, 6, 7],
			"to": [10, 7, 7],
			"rotation": {"angle": -45, "axis": "y", "origin": [9, 6, 7]},
			"faces": {
				"north": {"uv": [0, 0, 1, 1], "texture": "#1"},
				"south": {"uv": [0, 0, 1, 1], "texture": "#1"}
			}
		}
	]
}