{
  "parent": "minecraft:item/generated",
  "textures": {
    "layer0": "minecraft:item/netherite_helmet"
  },
  "overrides": [
    {"predicate": {"custom_model_data":100010}, "model": "custom/special_gear/chime/imbued_netherite_helmet"},
    {"predicate": {"custom_model_data":100020}, "model": "custom/special_gear/chime/burnished_netherite_helmet"},
    {"predicate": {"custom_model_data":100021}, "model": "custom/special_gear/chime/sdk_netherite_helmet"},
    {"predicate": {"custom_model_data":100030}, "model": "custom/special_gear/chime/emblazoned_netherite_helmet"},
    {"predicate": {"custom_model_data":100100}, "model": "custom/minimal_armor/netherite_helmet_minimal"},
    {"predicate": {"custom_model_data":100110}, "model": "custom/minimal_armor/imbued_netherite_helmet_minimal"},
    {"predicate": {"custom_model_data":100120}, "model": "custom/minimal_armor/burnished_netherite_helmet_minimal"},
    {"predicate": {"custom_model_data":100121}, "model": "custom/minimal_armor/sdk_netherite_helmet_minimal"},
    {"predicate": {"custom_model_data":100130}, "model": "custom/minimal_armor/emblazoned_netherite_helmet_minimal"}
  ]
}