{
  "parent": "minecraft:item/generated",
  "textures": {
    "layer0": "minecraft:item/diamond_boots"
  },
  "overrides": [
    {"predicate": {"custom_model_data":100010}, "model": "custom/special_gear/imbued_diamond_boots"},
    {"predicate": {"custom_model_data":100020}, "model": "custom/special_gear/burnished_diamond_boots"},
    {"predicate": {"custom_model_data":100030}, "model": "custom/special_gear/emblazoned_diamond_boots"},
    {"predicate": {"custom_model_data":100100}, "model": "item/diamond_boots"},
    {"predicate": {"custom_model_data":100110}, "model": "custom/special_gear/imbued_diamond_boots"},
    {"predicate": {"custom_model_data":100120}, "model": "custom/special_gear/burnished_diamond_boots"},
    {"predicate": {"custom_model_data":100130}, "model": "custom/special_gear/emblazoned_diamond_boots"}
  ]
}