{
  "parent": "minecraft:item/generated",
  "textures": {
    "layer0": "minecraft:item/netherite_boots"
  },
  "overrides": [
    {"predicate": {"custom_model_data":100010}, "model": "custom/special_gear/imbued_netherite_boots"},
    {"predicate": {"custom_model_data":100020}, "model": "custom/special_gear/burnished_netherite_boots"},
    {"predicate": {"custom_model_data":100030}, "model": "custom/special_gear/emblazoned_netherite_boots"},
    {"predicate": {"custom_model_data":100100}, "model": "item/netherite_boots"},
    {"predicate": {"custom_model_data":100110}, "model": "custom/special_gear/imbued_netherite_boots"},
    {"predicate": {"custom_model_data":100120}, "model": "custom/special_gear/burnished_netherite_boots"},
    {"predicate": {"custom_model_data":100130}, "model": "custom/special_gear/emblazoned_netherite_boots"}
  ]
}