{
    "ambientocclusion": false,
    "textures": {
        "particle": "#top"
    },
	"elements": [
		{
			"from": [0, 0, 0],
			"to": [2, 16, 16],
			"faces": {
				"north": {"uv": [14, 0, 16, 16], "texture": "#top"},
				"south": {"uv": [0, 0, 2, 16], "texture": "#top"},
				"west": {"uv": [16, 0, 0, 16], "texture": "#top"},
				"up": {"uv": [16, 2, 0, 0], "rotation": 90, "texture": "#top"}
			}
		},
		{
			"from": [2, 0, 0],
			"to": [3, 16, 16],
			"faces": {
				"north": {"uv": [15, 0, 16, 16], "texture": "#top"},
				"east": {"uv": [0, 0, 16, 16], "texture": "#top"},
				"south": {"uv": [1, 0, 0, 16], "texture": "#top"},
				"up": {"uv": [16, 0, 0, 1], "rotation": 90, "texture": "#top"}
			}
		}
	]
}
